Timestamp,Source,Author,Language,URL,Text
2026-09-30 07:56:10 UTC,Threads,@nathalie_xlife,EN,https://www.threads.net/@nathalie_xlife/post/Dd50Of2AHU0,Sehe ich gl\u00fccklich aus ?
2026-09-30 07:56:10 UTC,Threads,@derschaefer280270,EN,https://www.threads.net/@derschaefer280270/post/Dd52OxxDm6P,\u30d2\u30e3\u30af\u30cb\u30c1\u30bd\u30a6\uff08\u767e\u65e5\u8349\uff09\u30b8\u30cb\u30a2\n\u30aa\u30ec\u30f3\u30b8\u8272\u306e\u82b1\u8a00\u8449\u306f\u300c\u53e4\u304d\u826f\u304d\u6642\u4ee3\u300d\u3060\u305d\u3046\u3067\u3059\u3002\n\n\u5168\u822c\u306e\u82b1\u8a00\u8449\u306f\n\u2022 \u300c\u9060\u3044\u53cb\u3092\u601d\u3046\u300d\n\u2022 \u300c\u4e0d\u5728\u306e\u53cb\u3092\u601d\u3046\u300d\n\u2022 \u300c\u3044\u3064\u307e\u3067\u3082\u5909\u308f\u3089\u306c\u5fc3\u300d\n\u2022 \u300c\u7d46\u300d\n\u2022 \u300c\u5e78\u798f\u300d
2026-09-30 07:56:10 UTC,Threads,@dubbass,EN,https://www.threads.net/@dubbass/post/Dd52OxUFUNA,"Vita Linen Shirt in Chilli Pepper\nSize XS\nBRAND NEW with box (without tag)\nSelling for original price: RM 280\nBased in KCH, SWK\nReason jual sbb salah size \ud83e\udd79\n*Anyone nak exchange any top worth the same  price in SIZE S can dm me also"
2026-09-30 07:56:10 UTC,Threads,@faqihaahh,EN,https://www.threads.net/@faqihaahh/post/Dd4LeHoGr95,Anyone ada the exact shirt in S pls i want \ud83d\ude19
2026-09-30 07:56:10 UTC,Threads,@faqihaahh,EN,https://www.threads.net/@faqihaahh/post/Dd52PGGmsFz,"Guerlain yg ini yukk. Ini aku beli testernya. Dijamin ori ya, maap ga pake kawe. Br beberapa x semprot each. Yuk lah ini dijual murah banget ya pgn buang2in yg ga kepake. 400 each. Kl ambil dua2 nya 750,yaampun dmn lg. Dulu belinya sejuta lbh satunya :( Helpppp me"
2026-09-30 07:58:23 UTC,Threads,@emirae724,EN,https://www.threads.net/@emirae724/post/Dd4jGyDm1f1,Gotta a secret\u2026\nCan you keep it?\n\n\ud83e\udee3
2026-09-30 07:58:23 UTC,Threads,@leray.john,EN,https://www.threads.net/@leray.john/post/Dd52fFNGzaU,"I'm in love with you... yes, with the real you \u2764\ufe0fThe part of you that feels deeply, thinks too much, and still carries love in your heart despite all you've been through.\nIn case no one reminded you today - you are cherished, valued, and loved more than you know. And somewhere out there, there's me... choosing you, over and over, in every lifetime\ud83d\udc95\u2728\nTell me... did your heart feel it too?"
2026-09-30 07:58:23 UTC,Threads,@musk_ceo98,EN,https://www.threads.net/@musk_ceo98/post/Dd5Cca-HGAs,Who are you referring to ?
2026-09-30 07:58:23 UTC,Threads,@milamurray556,EN,https://www.threads.net/@milamurray556/post/Dd52ffVG9yJ,i ambik yg ni. I punya tak glowy sbb i pakai compact powder charlotte so dia jadi matte. Kawan i pakai loose powder hudabeauty dia jadi glow.
2026-09-30 07:58:23 UTC,Threads,@jso0_yaa,EN,https://www.threads.net/@jso0_yaa/post/Dd5rrCwk96f,Okay sis .. TQ
2026-09-30 07:58:23 UTC,Threads,@mrs.atinnn,EN,https://www.threads.net/@mrs.atinnn/post/Dd52f0aE6bH,"Kita try post sini mana tahu ada sales hehe \n\nLEVIS ON SALES 50\u0025 OFF \ud83e\udd73\n\nLevis cinch baggy dah jadi fav semua orang tau. Sebab dia baggy style, dekat pinggang ada button kiri & kanan untuk kecikkan pinggang dia. So tak perlu pakai tali pinggang pun. \n\nAda 3 colour ni, harga dari RM300+ now jadi RM149 je dah termasuk ps caj"
2026-09-30 07:58:34 UTC,Threads,@explainerguy1,EN,https://www.threads.net/@explainerguy1/post/Dd4aDMnFBt7,Every DDR RAM (DDR1 - Where Speed Doubled Overnight) YouTube: ExplainerGuy01 ddr1 #ram #memory #pchistory #tech #technology
2026-09-30 07:58:34 UTC,Threads,@ugnexa.catalyst,EN,https://www.threads.net/@ugnexa.catalyst/post/Dd50Rw7k2tp,"Your business is growing. Your technology should keep up.\n\nYou bring the vision. We bring the engineering.\n\nIf you have a project in mind, a system that needs improvement, or an idea that's ready to become something real, let's talk. \ud83e\udd1d\n\nFor project inquiries: inquiries\u0040ugnexa-catalyst.com \nVisit our website at: https:\/\/www.ugnexa-catalyst.digital\/\n\n#BusinessTechnology #BusinessSoftware #CustomSoftware #WebApplications  #BusinessAutomation #AIForBusiness #DigitalSolutions #TechForBusiness"
2026-09-30 07:58:34 UTC,Threads,@pintekdigitall,EN,https://www.threads.net/@pintekdigitall/post/Dd5suyAILci,"Good ideas deserve better technology.\nAt PinTek Digital, we turn business ideas and everyday challenges into practical digital solutions.\nCall: +91-7538001112 | Visit: www.pintekdigital.com\n\n#pintekdigital #digitalsolutions #Technology #digitalgrowth"
2026-09-30 09:02:25 UTC,Threads,@johnnyejllis874,EN,https://www.threads.net/@johnnyejllis874/post/Dd590v7GGA8,Still standing despite the emotional imbalance  That's a win. Would appreciate a \
2026-09-30 09:02:25 UTC,Threads,@mohammedbin74897,EN,https://www.threads.net/@mohammedbin74897/post/Dd52A6ZjdZh,Hello Im Linda from the United States new here
2026-09-30 09:02:25 UTC,Threads,@minkovakalina,EN,https://www.threads.net/@minkovakalina/post/Dd590thEW8M,"Watch to the end, this is WEIIIRD man. Remote drillers in Canada\u2019s Yukon. This cloud looks\u2026.strange. Not only that, these bright objects begin to appear IN-SYNC with this cloud\/object. #ufo #uap"
2026-09-30 09:02:25 UTC,Threads,@linda_112206,EN,https://www.threads.net/@linda_112206/post/Dd56pLzjArG,"\ud83d\udea8\ud83c\udde8\ud83c\uddf4 Caballo desbocado con carreta genera alarma en El Banco, Magdalena, este #28Sep \u200b\ud83d\udc34 Incidente de tr\u00e1nsito y bienestar animal: Transe\u00fantes y habitantes del municipio de El Banco vivieron momentos de tensi\u00f3n tras la circulaci\u00f3n sin control de un equino que tiraba de una carreta por las v\u00edas p\u00fablicas. \u200b\ud83d\udcc4 Puntos clave del reporte:"
2026-09-30 09:02:25 UTC,Threads,@maurice37138,EN,https://www.threads.net/@maurice37138/post/Dd590WtFgKU,"Mau preloved baju anak ukuran 1-2tahun ada yg mau ga gaes? Aslinya masih pada bagus , masih banyak juga yg belom ke foto"
2026-09-30 09:02:25 UTC,Threads,@intothechasm_,EN,https://www.threads.net/@intothechasm_/post/Dd5Grs-kU12,kak cek DM
2026-09-30 09:02:25 UTC,Threads,@mlenninger,EN,https://www.threads.net/@mlenninger/post/Dd590OCDqb-,\ud83d\ude08\u2694\ufe0f\u270c\ud83d\udc9b
2026-09-30 09:02:25 UTC,Threads,@pc3_digital,EN,https://www.threads.net/@pc3_digital/post/Dd2l9e_ja3S,Temenan yuk ??? Khusus perempuan aja ya \ud83d\ude4f\ud83d\ude02\nhttps:\/\/www.instagram.com\/salmah_salmona?stkn=OHo0cDVkZDRmYXVr&utm_source=qr
2026-09-30 09:02:25 UTC,Threads,@yataandeson_morais,EN,https://www.threads.net/@yataandeson_morais/post/Dd590hLm-E9,"Hii affiliator home living \/ cooking \ud83d\udc4b\ud83c\udffb\n\nPlease drop akun tiktok kalian dongss. Aku mau ada produk baru nihh semacam premium cookware di bulan november. Tidak ada minimum followerss \/ GMV. Asal views video nya konsisten diribuan\/jt point pluss \ud83e\ude77\n\nSow: \n1-2 video cooking\n1-2 video product review \n\nSample gratis, of coursee \ud83e\udef0\ud83c\udffb"
2026-09-30 09:02:36 UTC,Threads,@ugnexa.catalyst,EN,https://www.threads.net/@ugnexa.catalyst/post/Dd53dZDE3Ux,"Your business needs more than a website. Technology that works.\n\nUgnexa Catalyst builds CRM, e-commerce, SaaS, AI, automation, and custom web applications for businesses worldwide.\n\nYour public website is FREE, with solutions at a more accessible cost than traditional development.\n\nWe also offer Catalyst Workspace and creative support.\n\nLet\u2019s build it together.\n\n\ud83c\udf10 www.ugnexa-catalyst.digital\n\ud83d\udce9 inquiries\u0040ugnexa-catalyst.com\n\n#BusinessTechnology #CustomSoftware #SaaS #AIForBusiness #Automation"
2026-09-30 09:02:36 UTC,Threads,@tech.zone.04,EN,https://www.threads.net/@tech.zone.04/post/Dd5STlskXn_,"\ud83d\udcbb What is Computing?\nComputing is more than just using a computer\u2014it\u2019s the process of turning data and instructions into useful results, helping us solve problems and build smarter solutions. \ud83d\ude80\n\n#Computing #ComputerBasics #Technology #TechEducation #TechTips"
2026-09-30 09:28:29 UTC,Threads,@temp2165,EN,https://www.threads.net/@temp2165/post/Dd4RvQLkwD9,This should be the law of the land here in America
2026-09-30 09:28:29 UTC,Threads,@miked0626,EN,https://www.threads.net/@miked0626/post/Dd6AzeJEetr,Oklahoma \u2764\ufe0fI love this
2026-09-30 09:28:29 UTC,Threads,@your.luxury.home88,EN,https://www.threads.net/@your.luxury.home88/post/Dd3oxQon3Fs,Vote for your freedoms women especially and safety for your children  Democrat don't care about them.
2026-09-30 09:28:29 UTC,Threads,@yhyes_mond,EN,https://www.threads.net/@yhyes_mond/post/Dd6AzDWGHTz,Still standing despite the emotional imbalance\nThat's a win.\nWould appreciate a \
2026-09-30 09:28:29 UTC,Threads,@angelagilbert2081,EN,https://www.threads.net/@angelagilbert2081/post/DdXp73tFmJ1,"Ngene sek di paido ae , jere kurang ngene , kurang ngunu,, heh jembut petal, mbok kira cetak ane menungso podo kabeh ngunu ta"
2026-09-30 09:28:29 UTC,Threads,@myrffy_,EN,https://www.threads.net/@myrffy_/post/Dd6Aze0Gw26,"A little about me\u2026 I\u2019m a warm-hearted, confident and ambitious woman who believes life is meant to be enjoyed, shared, and lived with purpose."
2026-09-30 09:28:29 UTC,Threads,@sandra967505,EN,https://www.threads.net/@sandra967505/post/Dd5_rYrjCbN,N ur fine as hell too.. Nice
2026-09-30 09:28:29 UTC,Threads,@joykey557,EN,https://www.threads.net/@joykey557/post/Dd6Ay01oKTa,"\u2728 A little \u201990s nostalgia, a little actress-inspired glam, and a whole lot of today\u2019s baddie energy. \ud83d\udc8b\n\nRecreated this iconic look with my own twist \u2014 because why choose between vintage & trending when you can have both? \ud83d\udc40\u2728\n\nWant the full tutorial for this look?\nComment \u201cTUTORIAL\u201d + share this reel and let\u2019s make it happen. \ud83d\udc85\ud83c\udffb\n\nConsider this your sign to bring back the drama. \u264d\ufe0f\ud83d\udda4#ranimukargionspiredmakeup #19\u2019slook #latinamakeup #nudemakeuplook #nudelips"
2026-09-30 09:28:40 UTC,Threads,@keijon_khaleef11503,EN,https://www.threads.net/@keijon_khaleef11503/post/Dd5-s6tm16V,"My wife and I both work at Micron Technology. I\u2019ll only say this once.\nThis is the fastest way to reach $3 million before 2028:\nCurrent price: $6.14\nTarget price: $368.20\n\nThis company is building a next-generation AI security platform, focusing on intelligent threat detection, cloud security, and automated cyber defense."
